title,budget,dom_gross,intl_gross,disc_gross,release_date
Valerian and the City of a Thousand Planets (2017),"$180,000,000","$40,479,370","$215,116,144","$10,766,251","July 21st, 2017 (Wide) by "
Gods of Egypt (2016),"$140,000,000","$31,153,464","$133,553,464","$16,146,559","February 26th, 2016 (Wide) by "
The Divergent Series: Insurgent (2015),"$110,000,000","$130,179,072","$295,279,072","$35,099,488","March 20th, 2015 (Wide) by "
The Expendables 3 (2014),"$100,000,000","$39,322,544","$209,461,378","$27,073,145","August 15th, 2014 (Wide) by "
The Expendables (2010),"$82,000,000","$103,068,524","$268,268,174","$72,662,317","August 13th, 2010 (Wide) by "
The Legend of Hercules (2014),"$70,000,000","$18,848,538","$58,953,319","$12,635,439","January 10th, 2014 (Wide) by "
The Hateful Eight (2015),"$62,000,000","$54,117,416","$145,443,360","$24,177,293","December 25th, 2015 (Limited) by "
Mortdecai (2015),"$60,000,000","$7,696,134","$30,396,134","$2,625,060","January 23rd, 2015 (Wide) by "
Knowing (2009),"$50,000,000","$79,957,634","$186,450,317","$27,621,925","March 20th, 2009 (Wide) by "
The Infiltrator (2016),"$47,500,000","$15,436,808","$18,329,653","$1,418,602","July 13th, 2016 (Wide) by "
Patriots Day (2016),"$40,000,000","$31,886,361","$52,461,361","$8,847,002","December 21st, 2016 (Limited) by "
Push (2009),"$38,000,000","$31,811,527","$44,411,527","$19,693,906","February 6th, 2009 (Wide) by "
The Foreigner (2017),"$35,000,000","$34,393,507","$140,783,646","$5,310,961","October 13th, 2017 (Wide) by "
The Big Wedding (2013),"$32,500,000","$21,819,348","$48,425,971","$5,456,339","April 26th, 2013 (Wide) by "
Atomic Blonde (2017),"$30,000,000","$51,573,925","$98,368,372","$11,084,037","July 28th, 2017 (Wide) by "
Southpaw (2015),"$30,000,000","$52,421,953","$94,207,861","$8,754,442","July 24th, 2015 (Wide) by "
Letters to Juliet (2010),"$30,000,000","$53,032,453","$82,148,538","$35,772,555","May 14th, 2010 (Wide) by "
Midnight in Paris (2011),"$30,000,000","$56,816,662","$162,802,711","$24,038,091","May 20th, 2011 (Limited) by "
The Nut Job (2014),"$30,000,000","$64,251,538","$122,529,966","$23,096,664","January 17th, 2014 (Wide) by "
Warm Bodies (2013),"$30,000,000","$66,380,662","$115,121,608","$14,317,598","February 1st, 2013 (Wide) by "
Looper (2012),"$30,000,000","$66,486,205","$170,466,405","$32,715,918","September 28th, 2012 (Wide) by "
District 9 (2009),"$30,000,000","$115,646,235","$212,453,431","$58,058,381","August 14th, 2009 (Wide) by "
Lee Daniels' The Butler (2013),"$30,000,000","$116,632,095","$177,025,498","$32,934,546","August 16th, 2013 (Wide) by "
The Vow (2012),"$30,000,000","$125,014,030","$197,618,160","$35,557,193","February 10th, 2012 (Wide) by "
Extraordinary Measures (2010),"$31,000,000","$12,482,741","$15,826,984","$7,499,655","January 22nd, 2010 (Wide) by "
The Grand Budapest Hotel (2014),"$31,000,000","$59,076,019","$164,350,409","$10,056,301","March 7th, 2014 (Limited) by "
Source Code (2011),"$32,000,000","$54,712,227","$140,428,499","$18,671,008","April 1st, 2011 (Wide) by "
Takers (2010),"$32,000,000","$57,744,720","$70,587,268","$23,534,126","August 27th, 2010 (Wide) by "
Baby Driver (2017),"$34,000,000","$107,825,862","$228,104,185","$16,777,203","June 28th, 2017 (Wide) by "
The Darkest Hour (2011),"$34,800,000","$21,443,494","$62,831,715","$9,323,610","December 25th, 2011 (Wide) by "
A Hologram for the King (2016),"$35,000,000","$4,212,494","$11,848,058","$1,459,812","April 22nd, 2016 (Limited) by "
Biutiful (2011),"$35,000,000","$5,101,237","$24,687,524","$3,028,630","January 21st, 2010 (Special Engagement) by "
Punisher: War Zone (2008),"$35,000,000","$8,050,977","$10,157,534","$13,688,214","December 5th, 2008 (Wide) by "
Mandela: Long Walk to Freedom (2013),"$35,000,000","$8,323,085","$29,890,402","$3,296,399","November 29th, 2013 (Wide) by "
The Walk (2015),"$35,000,000","$10,161,183","$61,197,045","$2,620,634","September 30th, 2015 (IMAX) by "
The Young Victoria (2009),"$35,000,000","$11,001,272","$31,878,891","$7,808,432","December 18th, 2009 (Limited) by "
Parker (2013),"$35,000,000","$17,616,641","$48,543,388","$11,075,708","January 25th, 2013 (Wide) by "
Furry Vengeance (2010),"$35,000,000","$17,630,465","$39,340,177","$7,812,831","April 30th, 2010 (Wide) by "
Alex Cross (2012),"$35,000,000","$25,888,412","$35,426,759","$16,064,151","October 19th, 2012 (Wide) by "
Abduction (2011),"$35,000,000","$28,087,155","$86,648,359","$10,165,832","September 23rd, 2011 (Wide) by "
Friends with Benefits (2011),"$35,000,000","$55,802,754","$146,595,891","$28,583,314","July 22nd, 2011 (Wide) by "
Hot Tub Time Machine (2010),"$36,000,000","$50,269,859","$65,967,750","$32,792,676","March 26th, 2010 (Wide) by "
Twilight (2008),"$37,000,000","$192,769,854","$402,280,159","$264,945,708","November 21st, 2008 (Wide) by "
The Master (2012),"$37,500,000","$16,247,159","$58,792,011","$3,683,491","September 14th, 2012 (Limited) by "
What to Expect When You're Expecting (2012),"$37,500,000","$41,152,203","$88,473,016","$7,835,732","May 18th, 2012 (Wide) by "
Snowpiercer (2013),"$40,000,000","$4,563,029","$88,069,880","$3,740,854","June 27th, 2014 (Limited) by "
Paranoia (2013),"$40,000,000","$7,388,654","$16,340,767","$917,718","August 16th, 2013 (Wide) by "
Pandorum (2009),"$40,000,000","$10,330,853","$17,033,431","$8,389,569","September 25th, 2009 (Wide) by "
The Gunman (2015),"$40,000,000","$10,664,749","$13,644,292","$2,536,135","March 20th, 2015 (Wide) by "
Amelia (2009),"$40,000,000","$14,279,575","$19,756,077","$7,469,396","October 23rd, 2009 (Wide) by "
The Impossible (2012),"$40,000,000","$19,019,882","$169,590,606","$9,891,324","December 21st, 2012 (Limited) by "
Season of the Witch (2011),"$40,000,000","$24,827,228","$91,126,600","$10,310,998","January 7th, 2011 (Wide) by "
Resident Evil: The Final Chapter (2016),"$40,000,000","$26,844,692","$307,353,906","$9,148,880","January 27th, 2017 (Wide) by "
The Nut Job 2: Nutty by Nature (2017),"$40,000,000","$28,370,522","$57,975,035","$3,565,003","August 11th, 2017 (Wide) by "
Colombiana (2011),"$40,000,000","$36,665,854","$72,295,262","$16,326,996","August 26th, 2011 (Wide) by "
Scream 4 (2011),"$40,000,000","$38,180,928","$95,989,590","$7,422,374","April 15th, 2011 (Wide) by "
Escape From Planet Earth (2013),"$40,000,000","$57,012,977","$74,156,610","$11,303,317","February 15th, 2013 (Wide) by "
The Lincoln Lawyer (2011),"$40,000,000","$58,009,200","$87,145,086","$20,250,872","March 18th, 2011 (Wide) by "
Hacksaw Ridge (2016),"$40,000,000","$67,209,615","$158,701,644","$28,297,237","November 4th, 2016 (Wide) by "
The Other Woman (2014),"$40,000,000","$83,911,193","$195,111,193","$17,925,100","April 25th, 2014 (Wide) by "
John Wick: Chapter Two (2017),"$40,000,000","$92,029,184","$171,529,184","$30,253,326","February 10th, 2017 (Wide) by "
The Warrior's Way (2010),"$42,000,000","$5,666,340","$8,514,325","$4,692,528","December 3rd, 2010 (Wide) by "
Man on a Ledge (2012),"$42,000,000","$18,620,000","$45,688,337","$7,634,043","January 27th, 2012 (Wide) by "
The Mechanic (2011),"$42,500,000","$29,121,498","$76,347,393","$18,126,659","January 28th, 2011 (Wide) by "
A Monster Calls (2016),"$43,000,000","$3,740,823","$46,422,066","$3,147,751","December 23rd, 2016 (Oscar Qualifying Run) by "
The Rum Diary (2011),"$45,000,000","$13,109,815","$21,544,732","$7,650,673","October 28th, 2011 (Wide) by "
Dredd (2012),"$45,000,000","$13,414,714","$41,467,606","$20,819,351","September 21st, 2012 (Wide) by "
The Ghost Writer (2010),"$45,000,000","$15,541,549","$65,532,491","$5,900,603","February 19th, 2010 (Limited) by "
All Eyez on Me (2016),"$45,000,000","$44,922,302","$54,876,855","$2,262,872","June 16th, 2017 (Wide) by "
The Girl on the Train (2016),"$45,000,000","$75,395,035","$170,327,930","$9,382,663","October 7th, 2016 (Wide) by "
Rambo (2008),"$47,500,000","$42,754,105","$112,214,531","$41,776,036","January 25th, 2008 (Wide) by "
Anna Karenina (2012),"$49,000,000","$12,816,367","$71,004,627","$6,331,944","November 16th, 2012 (Limited) by "
Shanghai (2012),"$50,000,000","$46,425","$15,505,922","$17,797","October 2nd, 2015 (Limited) by "
Upside Down (2012),"$50,000,000","$102,118","$26,387,039","$3,042,835","March 15th, 2013 (Limited) by "
Drive Angry (2011),"$50,000,000","$10,721,033","$41,042,583","$8,706,465","February 25th, 2011 (Wide) by "
Gamer (2009),"$50,000,000","$20,534,907","$42,002,029","$16,829,131","September 4th, 2009 (Wide) by "
Free State of Jones (2016),"$50,000,000","$20,810,036","$23,151,917","$6,402,859","June 24th, 2016 (Wide) by "
Snowden (2015),"$50,000,000","$21,587,519","$34,301,950","$3,798,158","September 16th, 2016 (Wide) by "
The Twilight Saga: New Moon (2009),"$50,000,000","$296,623,634","$687,557,727","$222,119,949","November 20th, 2009 (Wide) by "
Law Abiding Citizen (2009),"$53,000,000","$73,357,727","$131,159,781","$33,405,627","October 16th, 2009 (Wide) by "
Burlesque (2010),"$55,000,000","$39,440,655","$90,552,675","$40,927,241","November 24th, 2010 (Wide) by "
Kubo and the Two Strings (2016),"$55,000,000","$48,023,088","$77,548,564","$9,775,408","August 19th, 2016 (Wide) by "
The Forbidden Kingdom (2008),"$55,000,000","$52,075,270","$129,075,270","$31,666,234","April 18th, 2008 (Wide) by "
Free Birds (2013),"$55,000,000","$55,750,480","$110,387,072","$18,199,426","November 1st, 2013 (Wide) by "
Paddington (2014),"$55,000,000","$76,223,578","$259,541,430","$21,968,713","January 16th, 2015 (Wide) by "
Resident Evil: Afterlife (2010),"$57,500,000","$60,128,566","$295,874,190","$35,609,103","September 10th, 2010 (Wide) by "
Rock Dog (2016),"$60,000,000","$9,420,546","$20,830,546","$2,337,289","February 24th, 2017 (Wide) by "
Priest (2011),"$60,000,000","$29,136,626","$84,154,026","$13,070,860","May 13th, 2011 (Wide) by "
The Mortal Instruments: City of Bones (2013),"$60,000,000","$31,165,421","$75,965,567","$13,725,902","August 21st, 2013 (Wide) by "
The Boxtrolls (2014),"$60,000,000","$50,837,305","$111,946,251","$19,475,743","September 26th, 2014 (Wide) by "
ParaNorman (2012),"$60,000,000","$56,003,051","$108,119,662","$24,253,385","August 17th, 2012 (Wide) by "
London Has Fallen (2016),"$60,000,000","$62,524,260","$193,857,962","$17,335,168","March 4th, 2016 (Wide) by "
Coraline (2009),"$60,000,000","$75,286,229","$126,037,057","$62,598,914","February 6th, 2009 (Wide) by "
Red (2010),"$60,000,000","$90,380,162","$196,439,693","$62,060,478","October 15th, 2010 (Wide) by "
Astro Boy (2009),"$65,000,000","$19,551,067","$41,636,243","$10,236,610","October 23rd, 2009 (Wide) by "
Resident Evil: Retribution (2012),"$65,000,000","$42,345,531","$238,940,997","$22,235,018","September 14th, 2012 (Wide) by "
The Twilight Saga: Eclipse (2010),"$68,000,000","$300,531,751","$706,102,828","$213,761,978","June 30th, 2010 (Wide) by "
Killer Elite (2011),"$70,000,000","$25,124,986","$65,409,046","$11,874,434","September 23rd, 2011 (Wide) by "
Escape Plan (2013),"$70,000,000","$25,135,965","$103,735,965","$15,176,483","October 18th, 2013 (Wide) by "
Olympus Has Fallen (2013),"$70,000,000","$98,927,592","$150,562,164","$38,568,492","March 22nd, 2013 (Wide) by "
Inglourious Basterds (2009),"$70,000,000","$120,774,594","$316,915,264","$101,871,441","August 20th, 2009 (Special Engagement) by "
Killers (2010),"$75,000,000","$47,059,963","$95,572,749","$20,039,577","June 4th, 2010 (Wide) by "
Immortals (2011),"$75,000,000","$83,504,017","$211,562,435","$36,957,386","November 11th, 2011 (Wide) by "
Now You See Me (2013),"$75,000,000","$117,723,989","$342,769,200","$32,303,794","May 31st, 2013 (Wide) by "
Nine (2009),"$80,000,000","$19,676,965","$53,508,858","$6,457,547","December 18th, 2009 (Exclusive) by "
Pompeii (2014),"$80,000,000","$23,169,033","$108,469,033","$7,896,625","February 21st, 2014 (Wide) by "
The Last Witch Hunter (2015),"$80,000,000","$27,367,660","$131,234,406","$19,554,347","October 23rd, 2015 (Wide) by "
The Hunger Games (2012),"$80,000,000","$408,010,692","$677,923,379","$222,332,347","March 23rd, 2012 (Wide) by "
Mirror Mirror (2012),"$85,000,000","$64,935,167","$173,613,482","$29,645,753","March 30th, 2012 (Wide) by "
Divergent (2014),"$85,000,000","$150,947,895","$276,014,965","$64,145,524","March 21st, 2014 (Wide) by "
Now You See Me 2 (2016),"$90,000,000","$65,075,540","$328,675,540","$15,332,642","June 10th, 2016 (Wide) by "
The Girl with the Dragon Tattoo (2011),"$90,000,000","$102,515,793","$239,373,970","$40,159,651","December 20th, 2011 (Wide) by "
The Expendables 2 (2012),"$100,000,000","$85,028,192","$311,979,256","$38,049,941","August 17th, 2012 (Wide) by "
Django Unchained (2012),"$100,000,000","$162,805,434","$449,948,323","$63,408,920","December 25th, 2012 (Wide) by "
Ender's Game (2013),"$110,000,000","$61,737,191","$127,983,283","$26,626,134","November 1st, 2013 (Wide) by "
The Divergent Series: Allegiant (2016),"$110,000,000","$66,184,051","$171,484,051","$21,491,991","March 18th, 2016 (Wide) by "
Elysium (2013),"$120,000,000","$93,050,117","$286,192,091","$35,175,058","August 9th, 2013 (Wide) by "
The Hunger Games: Mockingjay - Part 1 (2014),"$125,000,000","$337,135,885","$766,652,288","$77,353,748","November 21st, 2014 (Wide) by "
The Hunger Games: Catching Fire (2013),"$130,000,000","$424,668,047","$864,868,047","$122,574,706","November 22nd, 2013 (Wide) by "
Deepwater Horizon (2016),"$156,000,000","$61,433,527","$122,931,214","$16,206,920","September 30th, 2016 (Wide) by "
The Hunger Games: Mockingjay - Part 2 (2015),"$160,000,000","$281,723,902","$650,523,427","$51,622,420","November 20th, 2015 (Wide) by "
Machine Gun Preacher (2011),"$30,000,000","$538,690","$3,721,988","$3,813,789","September 23rd, 2011 (Limited) by "
Case 39 (2010),"$27,000,000","$13,261,851","$28,773,827","$5,418,893","October 1st, 2010 (Wide) by "
The Giver (2014),"$25,000,000","$45,090,374","$55,090,374","$9,543,160","August 15th, 2014 (Wide) by "
Nocturnal Animals (2016),"$22,500,000","$10,663,357","$31,151,819","$2,314,412","November 18th, 2016 (Limited) by "
12 Years a Slave (2013),"$20,000,000","$56,671,993","$181,025,343","$24,887,003","October 18th, 2013 (Limited) by "
Burnt (2015),"$20,000,000","$13,651,946","$32,632,668","$2,860,937","October 30th, 2015 (Wide) by "
The Artist (2011),"$16,000,000","$44,667,095","$128,256,712","$13,026,539","November 25th, 2011 (Limited) by "
The Theory of Everything (2014),"$15,000,000","$35,893,537","$123,327,692","$5,822,262","November 7th, 2014 (Limited) by "
Act of Valor (2012),"$12,000,000","$70,012,847","$82,497,035","$44,211,123","February 24th, 2012 (Wide) by "
Jigsaw (2017),"$10,000,000","$38,052,832","$102,630,330","$6,160,006","October 27th, 2017 (Wide) by "
The Collection (2012),"$10,000,000","$6,810,754","$8,890,094","$3,573,865","November 30th, 2012 (Wide) by "
Cedar Rapids (2011),"$10,000,000","$6,861,102","$7,862,131","$2,275,363","February 11th, 2011 (Limited) by "
Shut In (2016),"$10,000,000","$6,900,335","$11,361,962","$1,871,522","November 11th, 2016 (Wide) by "
Seeking a Friend for the End of the World (2012),"$10,000,000","$7,078,738","$11,766,959","$2,688,755","June 22nd, 2012 (Wide) by "
Movie 43 (2012),"$10,000,000","$8,840,453","$31,164,747","$3,140,682","January 25th, 2013 (Wide) by "
Big Eyes (2014),"$10,000,000","$14,482,031","$27,317,872","$3,193,506","December 25th, 2014 (Limited) by "
My Week with Marilyn (2011),"$10,000,000","$14,597,405","$34,240,572","$7,953,189","November 23rd, 2011 (Limited) by "
Blair Witch (2016),"$10,000,000","$20,777,061","$37,493,221","$2,391,848","September 16th, 2016 (Wide) by "
Mud (2013),"$10,000,000","$21,590,086","$31,556,959","$8,985,939","April 26th, 2013 (Limited) by "
The Forest (2016),"$10,000,000","$26,594,261","$40,579,218","$2,862,235","January 8th, 2016 (Wide) by "
Sinister 2 (2015),"$10,000,000","$27,740,955","$54,104,225","$2,169,552","August 21st, 2015 (Wide) by "
One Direction: This is Us (2013),"$10,000,000","$28,873,374","$68,541,786","$21,536,518","August 30th, 2013 (Wide) by "
When the Bough Breaks (2016),"$10,000,000","$29,747,603","$30,768,449","$3,682,372","September 9th, 2016 (Wide) by "
The Second Best Exotic Marigold Hotel (2015),"$10,000,000","$33,078,266","$90,384,306","$4,502,051","March 6th, 2015 (Wide) by "
The Best Exotic Marigold Hotel (2012),"$10,000,000","$46,383,639","$134,639,780","$23,250,494","May 4th, 2012 (Limited) by "
Insidious Chapter 3 (2015),"$10,000,000","$52,218,558","$120,678,444","$4,494,740","June 5th, 2015 (Wide) by "
Saw V (2008),"$10,800,000","$56,746,769","$118,209,778","$31,192,623","October 24th, 2008 (Wide) by "
Inside Llewyn Davis (2013),"$11,000,000","$13,248,209","$32,943,247","$3,732,748","December 6th, 2013 (Limited) by "
Quartet (2012),"$11,000,000","$18,388,357","$56,178,935","$2,805,285","January 11th, 2013 (Limited) by "
Saw VI (2009),"$11,000,000","$27,693,292","$69,752,402","$12,836,243","October 23rd, 2009 (Wide) by "
Woman in Gold (2015),"$11,000,000","$33,307,793","$56,758,138","$4,075,525","April 1st, 2015 (Limited) by "
Brooklyn (2015),"$11,000,000","$38,322,743","$62,076,141","$4,720,429","November 4th, 2015 (Limited) by "
Dirty Grandpa (2016),"$11,500,000","$35,593,113","$105,241,410","$8,980,054","January 22nd, 2016 (Wide) by "
Carol (2015),"$11,800,000","$12,711,491","$43,200,034","$1,882,248","November 20th, 2015 (Limited) by "
The Dressmaker (2015),"$11,900,000","$2,022,115","$24,041,617","$452,374","September 23rd, 2016 (Limited) by "
For Greater Glory (2012),"$12,000,000","$5,669,081","$10,026,255","$2,820,845","June 1st, 2012 (Wide) by "
Wish Upon (2017),"$12,000,000","$14,301,505","$23,477,345","$561,469","July 14th, 2017 (Wide) by "
Just Wright (2010),"$12,000,000","$21,540,363","$21,867,665","$11,622,249","May 14th, 2010 (Wide) by "
Hell or High Water (2016),"$12,000,000","$27,007,844","$37,584,304","$7,297,077","August 12th, 2016 (Limited) by "
Philomena (2013),"$12,000,000","$37,709,979","$98,963,392","$7,954,930","November 22nd, 2013 (Limited) by "
Lion (2016),"$12,000,000","$51,739,495","$147,539,495","$3,757,070","November 25th, 2016 (Limited) by "
Heaven is for Real (2014),"$12,000,000","$91,386,097","$100,919,111","$43,099,234","April 16th, 2014 (Wide) by "
Think Like a Man (2012),"$12,000,000","$91,547,205","$113,373,764","$19,956,524","April 20th, 2012 (Wide) by "
The Paperboy (2012),"$12,500,000","$677,200","$3,522,153","$4,059,311","October 5th, 2012 (Limited) by "
Conviction (2010),"$12,500,000","$6,797,696","$11,826,980","$6,807,228","October 15th, 2010 (Limited) by "
Sorority Row (2009),"$12,500,000","$11,965,282","$26,735,797","$4,144,564","September 11th, 2009 (Wide) by "
The Drop (2014),"$12,600,000","$10,724,389","$19,054,534","$3,710,099","September 12th, 2014 (Limited) by "
The Call (2013),"$12,800,000","$51,872,378","$69,821,476","$14,612,155","March 15th, 2013 (Wide) by "
The Vatican Tapes (2015),"$13,000,000","$1,784,763","$14,999,638","$256,578","July 24th, 2015 (Limited) by "
Room (2015),"$13,000,000","$14,677,674","$36,262,783","$2,686,578","October 16th, 2015 (Limited) by "
The Perks of Being a Wallflower (2012),"$13,000,000","$17,742,948","$33,069,303","$17,641,095","September 21st, 2012 (Limited) by "
Admission (2013),"$13,000,000","$18,007,317","$18,733,666","$3,763,636","March 22nd, 2013 (Wide) by "
Eye in the Sky (2016),"$13,000,000","$18,704,596","$34,916,128","$3,935,133","March 11th, 2016 (Limited) by "
Ex Machina (2015),"$13,000,000","$25,440,971","$38,976,797","$9,652,623","April 10th, 2015 (Limited) by "
21 and Over (2013),"$13,000,000","$25,682,380","$42,195,766","$8,803,006","March 1st, 2013 (Wide) by "
Earth to Echo (2014),"$13,000,000","$38,934,842","$42,174,545","$9,836,095","July 2nd, 2014 (Wide) by "
St. Vincent (2014),"$13,000,000","$44,137,712","$54,837,234","$7,813,691","October 10th, 2014 (Limited) by "
Miracles from Heaven (2016),"$13,000,000","$61,705,123","$73,798,720","$18,996,186","March 16th, 2016 (Wide) by "
Black Swan (2010),"$13,000,000","$106,954,678","$331,266,710","$33,521,439","December 3rd, 2010 (Limited) by "
Seven Psychopaths (2012),"$13,500,000","$15,024,049","$33,035,736","$8,441,328","October 12th, 2012 (Wide) by "
Mr. Turner (2014),"$14,000,000","$3,958,546","$25,187,026","$633,004","December 19th, 2014 (Limited) by "
Suffragette (2014),"$14,000,000","$4,702,420","$34,044,909","$858,122","October 23rd, 2015 (Limited) by "
Our Family Wedding (2010),"$14,000,000","$20,255,281","$21,410,546","$7,214,188","March 12th, 2010 (Wide) by "
The Iron Lady (2012),"$14,000,000","$29,959,436","$115,592,104","$11,897,935","December 30th, 2011 (Oscar Qualifying Run) by "
Tyler Perry's Good Deeds (2012),"$14,000,000","$35,025,791","$35,579,177","$13,209,726","February 24th, 2012 (Wide) by "
The Possession (2012),"$14,000,000","$49,130,588","$82,925,064","$8,928,729","August 31st, 2012 (Wide) by "
Slumdog Millionaire (2008),"$14,000,000","$141,330,703","$384,530,440","$39,886,732","November 12th, 2008 (Limited) by "
Khumba (2013),"$15,000,000",$0,"$20,898,221","$928,692","December 6th, 2013 (Limited) by "
The Son of No One (2011),"$15,000,000","$30,680","$1,148,578","$2,131,072","November 4th, 2011 (Limited) by "
Centurion (2010),"$15,000,000","$123,570","$7,885,048","$5,041,834","August 27th, 2010 (Limited) by "
Never Let Me Go (2010),"$15,000,000","$2,434,652","$11,173,718","$3,736,281","September 15th, 2010 (Limited) by "
The Founder (2016),"$15,000,000","$12,786,053","$18,301,228","$2,339,079","December 31st, 2016 (Oscar Qualifying Run) by "
Whip It (2009),"$15,000,000","$13,077,184","$18,889,972","$9,631,153","October 2nd, 2009 (Wide) by "
Killing Them Softly (2012),"$15,000,000","$14,945,541","$39,238,443","$5,776,380","November 30th, 2012 (Wide) by "
The Hurt Locker (2009),"$15,000,000","$17,017,811","$49,894,223","$53,987,843","June 26th, 2009 (Limited) by "
A Most Wanted Man (2014),"$15,000,000","$17,237,855","$36,068,890","$1,990,112","July 25th, 2014 (Limited) by "
Country Strong (2010),"$15,000,000","$20,218,921","$20,601,987","$12,834,219","December 22nd, 2010 (Limited) by "
The Place Beyond the Pines (2013),"$15,000,000","$21,403,519","$47,011,449","$6,690,605","March 29th, 2013 (Limited) by "
The November Man (2014),"$15,000,000","$25,018,119","$34,820,335","$1,560,030","August 27th, 2014 (Wide) by "
When the Game Stands Tall (2014),"$15,000,000","$30,127,963","$30,138,912","$14,381,187","August 22nd, 2014 (Wide) by "
End of Watch (2012),"$15,000,000","$41,003,371","$57,586,606","$26,085,605","September 21st, 2012 (Wide) by "
Snitch (2013),"$15,000,000","$42,930,462","$57,907,734","$15,420,251","February 22nd, 2013 (Wide) by "
The Woman in Black (2012),"$15,000,000","$54,333,290","$128,955,898","$11,570,050","February 3rd, 2012 (Wide) by "
The Imitation Game (2014),"$15,000,000","$91,125,143","$227,773,686","$10,647,127","November 28th, 2014 (Limited) by "
The Homesman (2014),"$16,000,000","$2,429,989","$8,217,571","$2,918,628","November 14th, 2014 (Limited) by "
Bleed for This (2016),"$16,000,000","$5,083,906","$6,248,077","$1,232,788","November 18th, 2016 (Wide) by "
Remember Me (2010),"$16,000,000","$19,068,240","$56,506,120","$15,389,251","March 12th, 2010 (Wide) by "
The Roommate (2011),"$16,000,000","$37,300,107","$52,545,707","$6,402,160","February 4th, 2011 (Wide) by "
Moonrise Kingdom (2012),"$16,000,000","$45,512,466","$68,582,095","$14,585,214","May 25th, 2012 (Limited) by "
The Young Messiah (2016),"$16,800,000","$6,469,813","$7,313,697","$2,070,314","March 11th, 2016 (Wide) by "
Escobar: Paradise Lost (2015),"$17,000,000","$195,792","$1,973,945","$116,675","June 26th, 2015 (Limited) by "
My Life in Ruins (2009),"$17,000,000","$8,677,425","$20,477,425","$10,808,596","June 5th, 2009 (Wide) by "
Brooklyn's Finest (2010),"$17,000,000","$27,163,593","$39,233,233","$14,521,793","March 5th, 2010 (Wide) by "
Beastly (2011),"$17,000,000","$27,865,571","$38,028,230","$8,169,774","March 4th, 2011 (Wide) by "
Saw 3D (2010),"$17,000,000","$45,710,178","$133,735,284","$14,197,027","October 29th, 2010 (Wide) by "
Black Nativity (2013),"$17,500,000","$7,018,188","$7,285,135","$92,377","November 27th, 2013 (Wide) by "
T2: Trainspotting (2017),"$18,000,000","$2,402,004","$42,074,024","$1,263,168","March 17th, 2017 (Limited) by "
Metallica Through the Never (2013),"$18,000,000","$3,419,967","$9,082,906","$1,154,788","September 27th, 2013 (IMAX) by "
The Railway Man (2014),"$18,000,000","$4,438,438","$23,910,210","$633,160","April 11th, 2014 (Limited) by "
Mongol (2008),"$18,000,000","$5,705,761","$27,147,349","$3,977,576","June 6th, 2008 (Limited) by "
And So It Goes (2014),"$18,000,000","$15,160,801","$17,762,041","$783,264","July 25th, 2014 (Wide) by "
Youth in Revolt (2010),"$18,000,000","$15,285,588","$19,685,588","$6,600,114","January 8th, 2010 (Wide) by "
Norm of the North (2016),"$18,000,000","$17,062,499","$27,392,195","$4,840,443","January 15th, 2016 (Wide) by "
127 Hours (2010),"$18,000,000","$18,335,230","$60,217,171","$13,581,312","November 5th, 2010 (Limited) by "
Love the Coopers (2015),"$18,000,000","$26,302,731","$42,167,286","$3,368,130","November 13th, 2015 (Wide) by "
Blue Jasmine (2013),"$18,000,000","$33,404,871","$102,912,961","$4,856,491","July 26th, 2013 (Limited) by "
Soul Surfer (2011),"$18,000,000","$43,853,424","$47,158,652","$21,654,176","April 8th, 2011 (Wide) by "
The Perfect Guy (2015),"$18,000,000","$57,027,435","$60,278,166","$6,768,788","September 11th, 2015 (Wide) by "
Take Me Home Tonight (2011),"$19,000,000","$6,928,068","$7,576,604","$4,701,466","March 4th, 2011 (Wide) by "
The Switch (2010),"$19,000,000","$27,758,465","$49,858,465","$10,166,451","August 20th, 2010 (Wide) by "
The Crazies (2010),"$19,000,000","$39,123,589","$56,445,534","$15,070,138","February 26th, 2010 (Wide) by "
Regression (2015),"$20,000,000","$55,039","$14,883,495","$132,078","October 30th, 2015 (Limited) by "
The Cold Light of Day (2012),"$20,000,000","$3,763,583","$25,361,206","$5,398,094","September 7th, 2012 (Wide) by "
A Most Violent Year (2014),"$20,000,000","$5,749,134","$6,071,433","$1,277,781","December 31st, 2014 (Limited) by "
Little Boy (2015),"$20,000,000","$6,485,961","$17,684,355","$2,541,118","April 24th, 2015 (Wide) by "
Machete Kills (2013),"$20,000,000","$8,008,161","$18,273,009","$6,283,511","October 11th, 2013 (Wide) by "
Battle of the Year (2013),"$20,000,000","$8,888,355","$16,723,377","$448,857","September 20th, 2013 (Wide) by "
Let Me In (2010),"$20,000,000","$12,134,935","$28,270,399","$10,253,150","October 1st, 2010 (Wide) by "
Triple 9 (2016),"$20,000,000","$12,639,297","$25,943,792","$4,024,382","February 26th, 2016 (Wide) by "
Lockout (2012),"$20,000,000","$14,326,865","$33,943,049","$8,847,683","April 13th, 2012 (Wide) by "
Capitalism: A Love Story (2009),"$20,000,000","$14,363,397","$19,121,531","$4,830,513","September 23rd, 2009 (Limited) by "
Armored (2009),"$20,000,000","$15,988,876","$23,661,038","$6,992,236","December 4th, 2009 (Wide) by "
Silent Hill: Revelation 3D (2012),"$20,000,000","$17,530,219","$55,975,672","$7,441,216","October 26th, 2012 (Wide) by "
The World's End (2013),"$20,000,000","$26,004,851","$47,508,505","$9,285,978","August 23rd, 2013 (Wide) by "
Daybreakers (2010),"$20,000,000","$30,101,577","$51,445,503","$17,030,515","January 8th, 2010 (Wide) by "
The Debt (2011),"$20,000,000","$31,177,548","$46,604,054","$10,278,965","August 31st, 2011 (Wide) by "
Texas Chainsaw 3D (2013),"$20,000,000","$34,341,945","$47,666,013","$6,431,788","January 4th, 2013 (Wide) by "
The American (2010),"$20,000,000","$35,606,376","$67,950,723","$11,029,999","September 1st, 2010 (Wide) by "
Nerve (2016),"$20,000,000","$38,583,626","$61,680,792","$5,766,847","July 27th, 2016 (Wide) by "
Spotlight (2015),"$20,000,000","$45,055,776","$92,217,729","$4,927,904","November 6th, 2015 (Limited) by "
Tyler Perry's Madea's Witness Protection (2012),"$20,000,000","$65,653,242","$66,950,887","$14,651,254","June 29th, 2012 (Wide) by "
Obsessed (2009),"$20,000,000","$68,261,644","$73,964,713","$22,847,528","April 24th, 2009 (Wide) by "
The Descendants (2011),"$20,000,000","$82,624,961","$175,507,800","$23,311,276","November 16th, 2011 (Limited) by "
Bad Moms (2016),"$20,000,000","$113,257,297","$181,457,297","$16,641,478","July 29th, 2016 (Wide) by "
Wonder (2017),"$20,000,000","$132,422,809","$299,306,218","$18,529,880","November 17th, 2017 (Wide) by "
La La Land (2016),"$20,000,000","$151,101,803","$428,353,190","$16,232,652","December 9th, 2016 (Limited) by "
Away We Go (2009),"$21,000,000","$9,451,946","$10,108,016","$6,110,847","June 5th, 2009 (Limited) by "
For Colored Girls (2010),"$21,000,000","$37,729,698","$38,017,873","$21,164,358","November 5th, 2010 (Wide) by "
Silver Linings Playbook (2012),"$21,000,000","$132,092,958","$236,412,453","$31,319,008","November 16th, 2012 (Limited) by "
Stone (2010),"$22,000,000","$1,810,078","$4,065,020","$5,829,640","October 8th, 2010 (Limited) by "
Out of the Furnace (2013),"$22,000,000","$11,330,849","$15,434,375","$5,229,093","December 4th, 2013 (Limited) by "
The Transporter Refueled (2015),"$22,000,000","$16,029,670","$69,698,495","$3,827,998","September 4th, 2015 (Wide) by "
Homefront (2013),"$22,000,000","$20,158,492","$51,695,362","$13,524,222","November 27th, 2013 (Wide) by "
Haywire (2012),"$23,000,000","$18,942,396","$36,374,700","$9,902,773","January 20th, 2012 (Wide) by "
The Wedding Ringer (2015),"$23,000,000","$64,460,211","$80,171,596","$6,561,243","January 16th, 2015 (Wide) by "
I Don't Know How She Does It (2011),"$24,000,000","$9,659,074","$24,474,463","$3,951,983","September 16th, 2011 (Wide) by "
Faster (2010),"$24,000,000","$23,240,020","$35,792,945","$17,683,713","November 24th, 2010 (Wide) by "
Piranha 3D (2010),"$24,000,000","$25,003,155","$83,660,160","$9,954,566","August 20th, 2010 (Wide) by "
Zack and Miri Make a Porno (2008),"$24,000,000","$31,457,946","$36,856,306","$22,630,656","October 31st, 2008 (Limited) by "
The Men Who Stare at Goats (2009),"$24,000,000","$32,428,195","$67,348,218","$11,310,793","November 6th, 2009 (Wide) by "
Think Like a Man Too (2014),"$24,000,000","$65,028,687","$70,027,933","$4,973,304","June 20th, 2014 (Wide) by "
On the Road (2012),"$25,000,000","$720,828","$9,313,302","$1,267,039","December 21st, 2012 (Oscar Qualifying Run) by "
Jane Got a Gun (2015),"$25,000,000","$1,513,793","$3,771,345","$1,727,958","January 29th, 2016 (Wide) by "
Bad Lieutenant: Port of Call New Orleans (2009),"$25,000,000","$1,702,112","$12,413,949","$6,300,802","November 20th, 2009 (Limited) by "
The Road (2009),"$25,000,000","$8,114,270","$29,206,732","$10,777,420","November 25th, 2009 (Wide) by "
The Conspirator (2011),"$25,000,000","$11,538,204","$15,907,411","$5,097,484","April 15th, 2011 (Wide) by "
Warrior (2011),"$25,000,000","$13,657,115","$24,215,385","$18,791,386","September 9th, 2011 (Wide) by "
Shark Night 3D (2011),"$25,000,000","$18,877,153","$32,209,741","$3,950,610","September 2nd, 2011 (Wide) by "
The Eagle (2011),"$25,000,000","$19,490,041","$36,054,706","$7,941,855","February 11th, 2011 (Wide) by "
Don't Be Afraid of the Dark (2011),"$25,000,000","$24,046,682","$39,126,427","$5,848,697","August 26th, 2011 (Wide) by "
Draft Day (2014),"$25,000,000","$28,842,237","$29,847,480","$11,254,290","April 11th, 2014 (Wide) by "
August: Osage County (2013),"$25,000,000","$37,738,810","$50,738,810","$9,618,342","December 25th, 2013 (Limited) by "
No Country for Old Men (2007),"$25,000,000","$74,273,505","$164,051,250","$57,617,001","November 9th, 2007 (Limited) by "
Dear John (2010),"$25,000,000","$80,014,842","$142,033,509","$35,147,429","February 5th, 2010 (Wide) by "
Blood Ties (2013),"$26,000,000","$42,472","$2,923,959","$187,251","March 21st, 2014 (Limited) by "
Self/Less (2015),"$26,000,000","$12,279,691","$33,713,827","$3,156,067","July 10th, 2015 (Wide) by "
The Raven (2012),"$26,000,000","$16,008,272","$30,601,801","$5,209,963","April 27th, 2012 (Wide) by "
The Best of Me (2014),"$26,000,000","$26,766,213","$41,059,418","$13,997,527","October 17th, 2014 (Wide) by "
Brothers (2009),"$26,000,000","$28,544,157","$45,043,870","$12,562,912","December 4th, 2009 (Wide) by "
Lawless (2012),"$26,000,000","$37,397,291","$54,393,637","$22,846,958","August 29th, 2012 (Wide) by "
Money Monster (2016),"$27,000,000","$41,012,075","$93,469,699","$3,284,786","May 13th, 2016 (Wide) by "
Limitless (2011),"$27,000,000","$79,249,455","$155,564,919","$29,136,537","March 18th, 2011 (Wide) by "
Pride and Prejudice and Zombies (2016),"$28,000,000","$10,907,291","$16,311,335","$5,823,332","February 5th, 2016 (Wide) by "
American Ultra (2015),"$28,000,000","$14,439,985","$30,295,076","$469,309","August 21st, 2015 (Wide) by "
Brick Mansions (2014),"$28,000,000","$20,396,829","$73,421,224","$6,095,045","April 25th, 2014 (Wide) by "
The Spy Next Door (2010),"$28,000,000","$24,307,106","$46,752,858","$10,194,923","January 15th, 2010 (Wide) by "
3 Days to Kill (2014),"$28,000,000","$30,697,999","$38,959,900","$10,653,759","February 21st, 2014 (Wide) by "
Kick-Ass (2010),"$28,000,000","$48,071,303","$97,531,134","$38,253,116","April 16th, 2010 (Wide) by "
Last Vegas (2013),"$28,000,000","$63,914,167","$112,914,167","$14,695,915","November 1st, 2013 (Wide) by "
Safe Haven (2013),"$28,000,000","$71,399,120","$94,050,951","$29,551,720","February 14th, 2013 (Wide) by "
A Bad Moms Christmas (2017),"$28,000,000","$72,110,659","$127,710,659","$8,728,993","November 1st, 2017 (Wide) by "
Logan Lucky (2017),"$29,000,000","$27,778,642","$39,272,403","$3,796,839","August 18th, 2017 (Wide) by "
The Imaginarium of Doctor Parnassus (2009),"$30,000,000","$7,689,607","$64,352,607","$10,412,826","December 25th, 2009 (Limited) by "
Dead Man Down (2013),"$30,000,000","$10,895,295","$19,599,974","$7,430,355","March 8th, 2013 (Wide) by "
The Last Stand (2013),"$30,000,000","$12,050,299","$48,330,757","$10,689,608","January 18th, 2013 (Wide) by "
The Next Three Days (2010),"$30,000,000","$21,148,651","$67,255,916","$12,912,927","November 19th, 2010 (Wide) by "
9 (2009),"$30,000,000","$31,749,894","$48,559,999","$17,340,029","September 9th, 2009 (Wide) by "
Hanna (2011),"$30,000,000","$40,259,119","$65,343,694","$10,631,410","April 8th, 2011 (Wide) by "
The Cabin in the Woods (2012),"$30,000,000","$42,073,277","$70,742,948","$14,057,256","April 13th, 2012 (Wide) by "
The Age of Adaline (2015),"$30,000,000","$42,629,776","$69,057,415","$11,158,186","April 24th, 2015 (Wide) by "
John Wick (2014),"$30,000,000","$43,037,835","$76,235,001","$33,103,714","October 24th, 2014 (Wide) by "
Sicario (2015),"$30,000,000","$46,889,293","$84,448,946","$13,754,607","September 18th, 2015 (Limited) by "
That Awkward Moment (2014),"$8,000,000","$26,068,955","$53,068,955","$4,476,366","January 31st, 2014 (Wide) by "
Jumping the Broom (2011),"$7,000,000","$37,295,394","$38,158,601","$10,656,738","May 6th, 2011 (Wide) by "
Dark Skies (2013),"$3,500,000","$17,418,667","$27,704,111","$6,461,360","February 22nd, 2013 (Wide) by "
Fruitvale Station (2013),"$900,000","$16,098,998","$17,549,645","$5,760,339","July 12th, 2013 (Limited) by "
Patti Cake$ (2017),"$1,000,000","$800,148","$1,471,090","$71,343","August 18th, 2017 (Limited) by "
Obvious Child (2014),"$1,000,000","$3,122,616","$3,324,070","$271,807","June 6th, 2014 (Limited) by "
The Skeleton Twins (2014),"$1,000,000","$5,284,309","$5,797,192","$406,425","September 12th, 2014 (Limited) by "
The Green Inferno (2015),"$1,000,000","$7,192,291","$12,931,569","$1,306,661","September 25th, 2015 (Wide) by "
Blue Valentine (2010),"$1,000,000","$9,737,892","$16,566,240","$5,539,976","December 29th, 2010 (Limited) by "
You're Next (2013),"$1,000,000","$18,494,006","$26,887,177","$4,418,025","August 23rd, 2013 (Wide) by "
Insidious (2011),"$1,500,000","$54,009,150","$99,870,886","$14,778,921","April 1st, 2011 (Wide) by "
Beasts of the Southern Wild (2012),"$1,800,000","$12,795,746","$23,265,132","$11,176,901","June 27th, 2012 (Limited) by "
The Last Exorcism (2010),"$1,800,000","$41,034,350","$70,165,900","$8,846,359","August 27th, 2010 (Wide) by "
The Babadook (2014),"$2,000,000","$950,792","$7,482,387","$1,806,730","November 28th, 2014 (Limited) by "
Inside Job (2010),"$2,000,000","$4,311,834","$7,799,257","$7,663,623","October 8th, 2010 (Limited) by "
Winter's Bone (2010),"$2,000,000","$6,531,503","$16,131,551","$4,372,502","June 11th, 2010 (Limited) by "
Silent House (2012),"$2,000,000","$12,739,737","$16,610,760","$3,563,802","March 9th, 2012 (Wide) by "
It Follows (2015),"$2,000,000","$14,674,077","$23,250,755","$3,479,547","March 13th, 2015 (Limited) by "
Courageous (2011),"$2,000,000","$34,522,221","$35,185,884","$25,047,086","September 30th, 2011 (Wide) by "
Do You Believe? (2015),"$2,300,000","$12,985,600","$14,305,450","$7,830,976","March 20th, 2015 (Limited) by "
Super (2011),"$2,500,000","$327,716","$593,933","$1,453,450","April 1st, 2011 (Limited) by "
The Spectacular Now (2013),"$2,500,000","$6,852,971","$6,916,951","$3,039,686","August 2nd, 2013 (Limited) by "
Kevin Hart: Let Me Explain (2013),"$2,500,000","$32,244,051","$32,327,255","$5,685,191","July 3rd, 2013 (Wide) by "
A Haunted House (2013),"$2,500,000","$40,041,683","$59,922,558","$9,353,895","January 11th, 2013 (Wide) by "
Ida (2014),"$2,600,000","$3,827,060","$15,298,355","$877,778","May 2nd, 2014 (Limited) by "
Before We Go (2015),"$3,000,000","$37,151","$483,938","$275,820","September 4th, 2015 (Limited) by "
Tusk (2014),"$3,000,000","$1,821,983","$1,857,688","$556,090","September 19th, 2014 (Limited) by "
Swiss Army Man (2016),"$3,000,000","$4,210,454","$5,837,111","$632,779","June 24th, 2016 (Limited) by "
The Collector (2009),"$3,000,000","$7,712,114","$10,473,836","$3,816,035","July 31st, 2009 (Wide) by "
Before Midnight (2013),"$3,000,000","$8,110,621","$23,251,930","$2,390,589","May 24th, 2013 (Limited) by "
Sinister (2012),"$3,000,000","$48,086,903","$87,727,807","$13,908,632","October 12th, 2012 (Wide) by "
War Room (2015),"$3,000,000","$67,790,117","$73,975,239","$44,479,409","August 28th, 2015 (Limited) by "
The Meddler (2016),"$3,200,000","$4,267,219","$5,526,942","$526,802","April 22nd, 2016 (Limited) by "
Whiplash (2014),"$3,300,000","$13,092,006","$33,474,334","$4,161,642","October 10th, 2014 (Limited) by "
The Witch (2016),"$3,500,000","$25,138,705","$40,454,520","$4,342,520","February 19th, 2016 (Wide) by "
The Darkness (2016),"$4,000,000","$10,753,574","$10,898,293","$390,504","May 13th, 2016 (Wide) by "
The Last Exorcism Part II (2013),"$4,000,000","$15,179,303","$25,448,707","$2,099,431","March 1st, 2013 (Wide) by "
A Haunted House 2 (2014),"$4,000,000","$17,329,487","$21,206,861","$3,891,814","April 18th, 2014 (Wide) by "
Boyhood (2014),"$4,000,000","$25,379,975","$57,273,049","$5,723,060","July 11th, 2014 (Limited) by "
Maggie (2015),"$4,500,000","$187,112","$597,989","$3,156,161","May 8th, 2015 (Limited) by "
Only God Forgives (2013),"$4,800,000","$775,849","$4,494,560","$1,316,131","July 19th, 2013 (Limited) by "
Ain't Them Bodies Saints (2013),"$5,000,000","$391,611","$1,075,009","$237,248","August 16th, 2013 (Limited) by "
Kill the Messenger (2014),"$5,000,000","$2,450,846","$6,656,705","$3,053,812","October 10th, 2014 (Limited) by "
Everything Must Go (2011),"$5,000,000","$2,712,131","$2,821,010","$2,032,133","May 13th, 2011 (Limited) by "
Green Room (2016),"$5,000,000","$3,220,371","$3,807,503","$1,533,511","April 15th, 2016 (Limited) by "
Table 19 (2017),"$5,000,000","$3,614,896","$4,620,399","$229,276","March 3rd, 2017 (Limited) by "
Moon (2009),"$5,000,000","$5,010,163","$10,676,073","$5,726,803","June 12th, 2009 (Limited) by "
Fifty Shades of Black (2016),"$5,000,000","$11,686,940","$20,765,353","$2,204,546","January 29th, 2016 (Wide) by "
Sunshine Cleaning (2009),"$5,000,000","$12,062,558","$17,329,337","$6,671,911","March 13th, 2009 (Wide) by "
Spring Breakers (2013),"$5,000,000","$14,124,286","$31,149,251","$4,708,732","March 15th, 2013 (Limited) by "
Apollo 18 (2011),"$5,000,000","$17,686,929","$26,517,819","$5,928,160","September 2nd, 2011 (Wide) by "
Still Alice (2015),"$5,000,000","$18,656,400","$41,699,612","$3,489,630","January 16th, 2015 (Limited) by "
Race (2016),"$5,000,000","$19,115,191","$22,178,125","$3,166,049","February 19th, 2016 (Wide) by "
Our Idiot Brother (2011),"$5,000,000","$24,814,830","$25,861,249","$9,008,833","August 26th, 2011 (Wide) by "
The Lazarus Effect (2015),"$5,000,000","$25,801,570","$35,341,814","$3,018,759","February 27th, 2015 (Wide) by "
Dallas Buyers Club (2013),"$5,000,000","$27,298,285","$60,611,845","$9,756,230","November 1st, 2013 (Wide) by "
Oculus (2014),"$5,000,000","$27,695,246","$44,115,496","$4,304,466","April 11th, 2014 (Wide) by "
The Big Sick (2017),"$5,000,000","$42,872,467","$53,005,448","$907,922","June 23rd, 2017 (Limited) by "
Insidious Chapter 2 (2013),"$5,000,000","$83,586,447","$161,921,515","$9,256,624","September 13th, 2013 (Wide) by "
Don Jon (2013),"$5,500,000","$24,477,704","$41,268,579","$7,010,852","September 27th, 2013 (Wide) by "
Song One (2015),"$6,000,000","$32,251","$437,089","$143,246","January 23rd, 2015 (Limited) by "
Wish I Was Here (2014),"$6,000,000","$3,591,299","$6,591,365","$390,948","July 18th, 2014 (Limited) by "
Miss March (2009),"$6,000,000","$4,543,320","$4,713,059","$8,166,354","March 13th, 2009 (Wide) by "
City Island (2010),"$6,000,000","$6,671,283","$8,173,486","$2,638,472","March 19th, 2010 (Limited) by "
Bernie (2012),"$6,000,000","$9,204,489","$10,106,975","$2,846,644","April 27th, 2012 (Limited) by "
The Wrestler (2008),"$6,000,000","$26,238,243","$46,634,275","$13,689,916","December 17th, 2008 (Limited) by "
The East (2013),"$6,500,000","$2,274,649","$3,027,956","$313,815","May 31st, 2013 (Limited) by "
The Christmas Candle (2013),"$7,000,000","$1,632,000","$1,933,829","$1,485,356","November 15th, 2013 (Limited) by "
A Single Man (2009),"$7,000,000","$9,176,000","$28,142,379","$5,726,949","December 11th, 2009 (Limited) by "
Get Low (2010),"$7,000,000","$9,176,933","$10,828,305","$5,706,632","July 30th, 2010 (Limited) by "
A Serious Man (2009),"$7,000,000","$9,228,788","$30,360,570","$6,072,165","October 2nd, 2009 (Limited) by "
Dope (2015),"$7,000,000","$17,506,470","$18,190,831","$2,298,085","June 19th, 2015 (Wide) by "
The Bye Bye Man (2017),"$7,400,000","$22,395,806","$25,863,405","$1,867,532","January 13th, 2017 (Wide) by "
Me and Earl and the Dying Girl (2015),"$8,000,000","$6,758,416","$9,266,180","$924,360","June 12th, 2015 (Limited) by "
Begin Again (2014),"$8,000,000","$16,170,632","$68,838,736","$6,542,415","June 27th, 2014 (Limited) by "
Enough Said (2013),"$8,000,000","$17,550,872","$25,621,449","$3,568,182","September 18th, 2013 (Limited) by "
50/50 (2011),"$8,000,000","$35,016,118","$41,334,735","$11,500,468","September 30th, 2011 (Wide) by "
Easy A (2010),"$8,000,000","$58,401,464","$76,200,721","$30,101,226","September 17th, 2010 (Wide) by "
The Rover (2014),"$8,500,000","$1,109,199","$3,180,252","$472,487","June 13th, 2014 (Limited) by "
Middle School: The Worst Years of My Life (2016),"$8,500,000","$20,007,149","$23,311,425","$3,043,302","October 7th, 2016 (Wide) by "
Baggage Claim (2013),"$8,500,000","$21,569,509","$22,885,836","$4,883,377","September 27th, 2013 (Wide) by "
Nightcrawler (2014),"$8,500,000","$32,381,218","$50,334,418","$5,523,640","October 31st, 2014 (Wide) by "
The DUFF (2015),"$8,500,000","$34,030,343","$43,528,634","$7,424,677","February 20th, 2015 (Wide) by "
Crazy Heart (2009),"$8,500,000","$39,471,742","$47,417,251","$19,170,858","December 16th, 2009 (Limited) by "
Manchester by the Sea (2016),"$8,500,000","$47,695,371","$77,761,947","$3,795,736","November 18th, 2016 (Limited) by "
Dheepan (2015),"$9,000,000","$248,795","$7,714,549","$60,248","May 6th, 2016 (Limited) by "
Jackie (2016),"$9,000,000","$13,960,394","$25,969,736","$1,301,907","December 2nd, 2016 (Limited) by "
The Edge of Seventeen (2016),"$9,000,000","$14,431,633","$18,802,255","$2,647,656","November 18th, 2016 (Wide) by "
Melancholia (2011),"$9,400,000","$3,030,848","$21,817,298","$4,102,135","November 11th, 2011 (Limited) by "
The Runaways (2010),"$9,500,000","$3,573,673","$5,278,632","$6,430,363","March 19th, 2010 (Limited) by "
Adventureland (2009),"$9,800,000","$16,044,025","$17,553,055","$12,741,962","April 3rd, 2009 (Wide) by "
Strangerland (2015),"$10,000,000","$17,472","$161,097","$962,312","July 10th, 2015 (Limited) by "
Elsa & Fred (2014),"$10,000,000","$67,657","$109,144","$381,276","November 7th, 2014 (Limited) by "
Coriolanus (2012),"$10,000,000","$749,641","$1,049,641","$3,208,250","December 2nd, 2011 (Oscar Qualifying Run) by "
Free Fire (2017),"$10,000,000","$1,799,322","$3,793,739","$515,672","April 21st, 2017 (Wide) by "
Rosewater (2014),"$10,000,000","$3,128,941","$3,168,858","$611,900","November 14th, 2014 (Limited) by "
